Protein1	Protein2	MaxScore	Position1	Position2	LikelihoodOfInteraction
SNCA	SNCA_M	19.429938933716514	128	128	0.8530744990929122
SNCA	SNCA_M	19.436511965579584	128	128	0.8530744990929122
SNCA	SNCA_M	19.429938933716514	128	128	0.8530744990929122
SNCA	SNCA_M	19.429938933716514	128	128	0.8530744990929122
SNCA	SNCA_M	19.419391128910895	128	128	0.8530744990929122
SNCA	SNCA_M	19.429938933716514	128	128	0.8530744990929122
SNCA	SNCA_M	19.429938933716514	128	128	0.8530744990929122
SNCA	SNCA_M	19.429938933716514	128	128	0.8530744990929122
SNCA	SNCA_M	19.429938933716514	128	128	0.8530744990929122
SNCA	SNCA_M	19.429938933716514	128	128	0.8530744990929122
SNCA	SNCA_M	19.429938933716514	128	128	0.8530744990929122
SNCA	SNCA_M	19.429938933716514	128	128	0.8530744990929122
SNCA	SNCA_M	19.429938933716514	128	128	0.8530744990929122
SNCA	SNCA_M	19.429938933716514	128	128	0.8530744990929122
SNCA	SNCA_M	19.429938933716514	128	128	0.8530744990929122
SNCA	SNCA_M	19.429938933716514	128	128	0.8530744990929122
SNCA	SNCA_M	19.429938933716514	128	128	0.8530744990929122
SNCA	SNCA_M	19.429938933716514	128	128	0.8530744990929122
SNCA	SNCA_M	19.429938933716514	128	128	0.8530744990929122
SNCA	SNCA_M	19.429938933716514	128	128	0.8530744990929122
SNCA	SNCA_M	19.429938933716514	128	128	0.8530744990929122
SNCA	SNCA_M	19.429938933716514	128	128	0.8530744990929122
SNCA	SNCA_M	19.419680861851507	128	128	0.8530744990929122
SNCA	SNCA_M	19.429938933716514	128	128	0.8530744990929122
SNCA	SNCA_M	19.429938933716514	128	128	0.8530744990929122
SNCA	SNCA_M	19.429938933716514	128	128	0.8530744990929122
SNCA	SNCA_M	19.429938933716514	128	128	0.8530744990929122
SNCA	SNCA_M	19.429938933716514	128	128	0.8530744990929122
SNCA	SNCA_M	19.429938933716514	128	128	0.8530744990929122
SNCA	SNCA_M	19.429938933716514	128	128	0.8530744990929122
SNCA	SNCA_M	19.429938933716514	128	128	0.8530744990929122
SNCA	SNCA_M	19.429938933716514	128	128	0.8530744990929122
SNCA	SNCA_M	19.43234139432981	128	128	0.8530744990929122
SNCA	SNCA_M	19.435987586300477	128	128	0.8530744990929122
SNCA	SNCA_M	19.43234139432981	128	128	0.8530744990929122
SNCA	SNCA_M	19.43234139432981	128	128	0.8530744990929122
SNCA	SNCA_M	19.417519909919235	128	128	0.8530744990929122
SNCA	SNCA_M	19.43234139432981	128	128	0.8530744990929122
SNCA	SNCA_M	19.43234139432981	128	128	0.8530744990929122
SNCA	SNCA_M	19.43234139432981	128	128	0.8530744990929122
SNCA	SNCA_M	19.43234139432981	128	128	0.8530744990929122
SNCA	SNCA_M	19.43234139432981	128	128	0.8530744990929122
SNCA	SNCA_M	19.43234139432981	128	128	0.8530744990929122
SNCA	SNCA_M	19.43234139432981	128	128	0.8530744990929122
SNCA	SNCA_M	19.43234139432981	128	128	0.8530744990929122
SNCA	SNCA_M	19.43234139432981	128	128	0.8530744990929122
SNCA	SNCA_M	19.43234139432981	128	128	0.8530744990929122
SNCA	SNCA_M	19.43234139432981	128	128	0.8530744990929122
SNCA	SNCA_M	19.43234139432981	128	128	0.8530744990929122
SNCA	SNCA_M	19.43234139432981	128	128	0.8530744990929122
SNCA	SNCA_M	19.43234139432981	128	128	0.8530744990929122
SNCA	SNCA_M	19.43234139432981	128	128	0.8530744990929122
SNCA	SNCA_M	19.43234139432981	128	128	0.8530744990929122
SNCA	SNCA_M	19.43234139432981	128	128	0.8530744990929122
SNCA	SNCA_M	19.43234139432981	128	128	0.8530744990929122
SNCA	SNCA_M	19.43234139432981	128	128	0.8530744990929122
SNCA	SNCA_M	19.43234139432981	128	128	0.8530744990929122
SNCA	SNCA_M	19.43234139432981	128	128	0.8530744990929122
SNCA	SNCA_M	19.43234139432981	128	128	0.8530744990929122
SNCA	SNCA_M	19.43234139432981	128	128	0.8530744990929122
SNCA	SNCA_M	19.43234139432981	128	128	0.8530744990929122
SNCA	SNCA_M	19.43234139432981	128	128	0.8530744990929122
SNCA	SNCA_M	19.43234139432981	128	128	0.8530744990929122
SNCA	SNCA_M	19.43234139432981	128	128	0.8530744990929122
SNCA	SNCA_M	19.431945233047646	128	128	0.8530744990929122
SNCA	SNCA_M	19.409602239558662	128	128	0.8530744990929122
SNCA	SNCA_M	19.431945233047646	128	128	0.8530744990929122
SNCA	SNCA_M	19.431945233047646	128	128	0.8530744990929122
SNCA	SNCA_M	19.44981578276042	128	128	0.8530744990929122
SNCA	SNCA_M	19.443162096917913	128	128	0.8530744990929122
SNCA	SNCA_M	19.24792263748196	128	128	0.8530744990929122
SNCA	SNCA_M	19.456737100728635	128	128	0.8530744990929122
SNCA	SNCA_M	19.429720441616766	128	128	0.8530744990929122
SNCA	SNCA_M	19.44981578276042	128	128	0.8530744990929122
SNCA	SNCA_M	19.44981578276042	128	128	0.8530744990929122
SNCA	SNCA_M	19.44981578276042	128	128	0.8530744990929122
SNCA	SNCA_M	19.44981578276042	128	128	0.8530744990929122
SNCA	SNCA_M	19.44981578276042	128	128	0.8530744990929122
SNCA	SNCA_M	19.44981578276042	128	128	0.8530744990929122
SNCA	SNCA_M	19.44981578276042	128	128	0.8530744990929122
SNCA	SNCA_M	19.44981578276042	128	128	0.8530744990929122
SNCA	SNCA_M	19.44981578276042	128	128	0.8530744990929122
SNCA	SNCA_M	19.44981578276042	128	128	0.8530744990929122
SNCA	SNCA_M	19.44981578276042	128	128	0.8530744990929122
SNCA	SNCA_M	19.44981578276042	128	128	0.8530744990929122
SNCA	SNCA_M	19.44981578276042	128	128	0.8530744990929122
SNCA	SNCA_M	19.44981578276042	128	128	0.8530744990929122
SNCA	SNCA_M	19.44981578276042	128	128	0.8530744990929122
SNCA	SNCA_M	19.44981578276042	128	128	0.8530744990929122
SNCA	SNCA_M	19.44981578276042	128	128	0.8530744990929122
SNCA	SNCA_M	19.44981578276042	128	128	0.8530744990929122
SNCA	SNCA_M	19.44981578276042	128	128	0.8530744990929122
SNCA	SNCA_M	19.44981578276042	128	128	0.8530744990929122
SNCA	SNCA_M	19.427838756993488	128	128	0.8530744990929122
SNCA	SNCA_M	19.422202233162018	128	128	0.8530744990929122
SNCA	SNCA_M	19.29374555344505	128	128	0.8530744990929122
SNCA	SNCA_M	19.594329758553027	128	128	0.8530744990929122
SNCA	SNCA_M	19.4412049409536	128	128	0.8530744990929122
SNCA	SNCA_M	19.427838756993488	128	128	0.8530744990929122
SNCA	SNCA_M	19.39697133673979	128	128	0.8530744990929122
SNCA	SNCA_M	19.42783570589183	128	128	0.8530744990929122
SNCA	SNCA_M	19.419372011884892	128	128	0.8530744990929122
SNCA	SNCA_M	19.418686917572483	128	128	0.8530744990929122
SNCA	SNCA_M	19.427838756993488	128	128	0.8530744990929122
SNCA	SNCA_M	19.427838756993488	128	128	0.8530744990929122
SNCA	SNCA_M	19.427838756993488	128	128	0.8530744990929122
SNCA	SNCA_M	19.427838756993488	128	128	0.8530744990929122
SNCA	SNCA_M	19.42153656328422	128	128	0.8530744990929122
SNCA	SNCA_M	19.427838756993488	128	128	0.8530744990929122
SNCA	SNCA_M	19.419372011884892	128	128	0.8530744990929122
SNCA	SNCA_M	19.427838756993488	128	128	0.8530744990929122
SNCA	SNCA_M	19.43835113529771	128	128	0.8530744990929122
SNCA	SNCA_M	19.4433246036838	128	128	0.8530744990929122
SNCA	SNCA_M	19.427838756993488	128	128	0.8530744990929122
SNCA	SNCA_M	19.406588700784283	128	128	0.8530744990929122
SNCA	SNCA_M	19.427838756993488	128	128	0.8530744990929122
SNCA	SNCA_M	19.38383907916473	128	128	0.8530744990929122
SNCA	SNCA_M	19.427838756993488	128	128	0.8530744990929122
SNCA	SNCA_M	19.443409397567894	128	128	0.8530744990929122
SNCA	SNCA_M	19.4124376989206	128	128	0.8530744990929122
SNCA	SNCA_M	19.45359255825721	128	128	0.8530744990929122
SNCA	SNCA_M	19.228690127599098	128	128	0.8530744990929122
SNCA	SNCA_M	19.434544576287788	128	128	0.8530744990929122
SNCA	SNCA_M	19.443409397567894	128	128	0.8530744990929122
SNCA	SNCA_M	19.451737609074893	128	128	0.8530744990929122
SNCA	SNCA_M	19.39060608866851	128	128	0.8530744990929122
SNCA	SNCA_M	19.460389918417636	128	128	0.8530744990929122
SNCA	SNCA_M	19.455818815477006	128	128	0.8530744990929122
SNCA	SNCA_M	19.443409397567894	128	128	0.8530744990929122
SNCA	SNCA_M	19.435993137956935	128	128	0.8530744990929122
SNCA	SNCA_M	19.429202628279814	128	128	0.8530744990929122
SNCA	SNCA_M	19.457177384696486	128	128	0.8530744990929122
SNCA	SNCA_M	19.418086055345643	128	128	0.8530744990929122
SNCA	SNCA_M	19.443409397567894	128	128	0.8530744990929122
SNCA	SNCA_M	19.29461825324016	128	128	0.8530744990929122
SNCA	SNCA_M	19.417196071743774	128	128	0.8530744990929122
SNCA	SNCA_M	19.379453451912887	128	128	0.8530744990929122
SNCA	SNCA_M	19.244183909880327	128	128	0.8530744990929122
SNCA	SNCA_M	19.443409397567894	128	128	0.8530744990929122
SNCA	SNCA_M	19.392003366488066	128	128	0.8530744990929122
SNCA	SNCA_M	19.443775288696372	128	128	0.8530744990929122
SNCA	SNCA_M	19.434959151019648	128	128	0.8530744990929122
SNCA	SNCA_M	19.228299094996558	128	128	0.8530744990929122
SNCA	SNCA_M	19.449459052424622	128	128	0.8530744990929122
SNCA	SNCA_M	19.436511965579584	128	128	0.8530744990929122
SNCA	SNCA_M	19.40927348457604	128	128	0.8530744990929122
SNCA	SNCA_M	19.265493160210518	128	128	0.8530744990929122
SNCA	SNCA_M	19.434267422690507	128	128	0.8530744990929122
SNCA	SNCA_M	19.449459052424622	128	128	0.8530744990929122
SNCA	SNCA_M	19.428198918792	128	128	0.8530744990929122
SNCA	SNCA_M	19.445095969120928	128	128	0.8530744990929122
SNCA	SNCA_M	19.246809047394343	128	128	0.8530744990929122
SNCA	SNCA_M	19.432747828275218	128	128	0.8530744990929122
SNCA	SNCA_M	19.449459052424622	128	128	0.8530744990929122
SNCA	SNCA_M	19.448700846959003	128	128	0.8530744990929122
SNCA	SNCA_M	19.43475073469365	128	128	0.8530744990929122
SNCA	SNCA_M	19.43259993438367	128	128	0.8530744990929122
SNCA	SNCA_M	19.445859800004357	128	128	0.8530744990929122
SNCA	SNCA_M	19.449459052424622	128	128	0.8530744990929122
SNCA	SNCA_M	19.30571955243255	128	128	0.8530744990929122
SNCA	SNCA_M	19.427738038625506	128	128	0.8530744990929122
SNCA	SNCA_M	19.449709555366635	128	128	0.8530744990929122
SNCA	SNCA_M	19.43617361962181	128	128	0.8530744990929122
SNCA	SNCA_M	19.449459052424622	128	128	0.8530744990929122
SNCA	SNCA_M	19.44147418952983	128	128	0.8530744990929122
SNCA	SNCA_M	19.43840245981603	128	128	0.8530744990929122
SNCA	SNCA_M	19.449724106957085	128	128	0.8530744990929122
SNCA	SNCA_M	19.43738750970841	128	128	0.8530744990929122
SNCA	SNCA_M	0	0	0	0.5
SNCA	SNCA_M	0	0	0	0.5
SNCA	SNCA_M	0	0	0	0.5
SNCA	SNCA_M	0	0	0	0.5
SNCA	SNCA_M	0	0	0	0.5
SNCA	SNCA_M	0	0	0	0.5
SNCA	SNCA_M	0	0	0	0.5
SNCA	SNCA_M	0	0	0	0.5
SNCA	SNCA_M	0	0	0	0.5
SNCA	SNCA_M	0	0	0	0.5
SNCA	SNCA_M	0	0	0	0.5
SNCA	SNCA_M	0	0	0	0.5
SNCA	SNCA_M	0	0	0	0.5
SNCA	SNCA_M	0	0	0	0.5
SNCA	SNCA_M	0	0	0	0.5
SNCA	SNCA_M	0	0	0	0.5
SNCA	SNCA_M	0	0	0	0.5
SNCA	SNCA_M	0	0	0	0.5
SNCA	SNCA_M	0	0	0	0.5
SNCA	SNCA_M	0	0	0	0.5
SNCA	SNCA_M	0	0	0	0.5
SNCA	SNCA_M	0	0	0	0.5
SNCA	SNCA_M	0	0	0	0.5
SNCA	SNCA_M	0	0	0	0.5
SNCA	SNCA_M	0	0	0	0.5
SNCA	SNCA_M	0	0	0	0.5
SNCA	SNCA_M	0	0	0	0.5
SNCA	SNCA_M	0	0	0	0.5
SNCA	SNCA_M	0	0	0	0.5
SNCA	SNCA_M	0	0	0	0.5
SNCA	SNCA_M	0	0	0	0.5
SNCA	SNCA_M	0	0	0	0.5
SNCA	SNCA_M	0	0	0	0.5
SNCA	SNCA_M	0	0	0	0.5
SNCA	SNCA_M	0	0	0	0.5
SNCA	SNCA_M	0	0	0	0.5
SNCA	SNCA_M	0	0	0	0.5
SNCA	SNCA_M	0	0	0	0.5
SNCA	SNCA_M	0	0	0	0.5
SNCA	SNCA_M	0	0	0	0.5
SNCA	SNCA_M	0	0	0	0.5
SNCA	SNCA_M	0	0	0	0.5
SNCA	SNCA_M	0	0	0	0.5
SNCA	SNCA_M	0	0	0	0.5
SNCA	SNCA_M	0	0	0	0.5
SNCA	SNCA_M	0	0	0	0.5
SNCA	SNCA_M	0	0	0	0.5
SNCA	SNCA_M	0	0	0	0.5
SNCA	SNCA_M	0	0	0	0.5
SNCA	SNCA_M	0	0	0	0.5
SNCA	SNCA_M	0	0	0	0.5
SNCA	SNCA_M	0	0	0	0.5
SNCA	SNCA_M	0	0	0	0.5
SNCA	SNCA_M	0	0	0	0.5
SNCA	SNCA_M	0	0	0	0.5
SNCA	SNCA_M	0	0	0	0.5
SNCA	SNCA_M	0	0	0	0.5
SNCA	SNCA_M	0	0	0	0.5
SNCA	SNCA_M	0	0	0	0.5
SNCA	SNCA_M	0	0	0	0.5
SNCA	SNCA_M	0	0	0	0.5
SNCA	SNCA_M	0	0	0	0.5
SNCA	SNCA_M	0	0	0	0.5
SNCA	SNCA_M	0	0	0	0.5
SNCA	SNCA_M	0	0	0	0.5
SNCA	SNCA_M	0	0	0	0.5
SNCA	SNCA_M	0	0	0	0.5
SNCA	SNCA_M	0	0	0	0.5
SNCA	SNCA_M	0	0	0	0.5
SNCA	SNCA_M	0	0	0	0.5
SNCA	SNCA_M	0	0	0	0.5
SNCA	SNCA_M	0	0	0	0.5
SNCA	SNCA_M	0	0	0	0.5
SNCA	SNCA_M	0	0	0	0.5
SNCA	SNCA_M	0	0	0	0.5
SNCA	SNCA_M	0	0	0	0.5
SNCA	SNCA_M	0	0	0	0.5
SNCA	SNCA_M	0	0	0	0.5
SNCA	SNCA_M	0	0	0	0.5
SNCA	SNCA_M	0	0	0	0.5
SNCA	SNCA_M	0	0	0	0.5
SNCA	SNCA_M	0	0	0	0.5
SNCA	SNCA_M	0	0	0	0.5
SNCA	SNCA_M	0	0	0	0.5
SNCA	SNCA_M	0	0	0	0.5
SNCA	SNCA_M	0	0	0	0.5
SNCA	SNCA_M	0	0	0	0.5
SNCA	SNCA_M	0	0	0	0.5
SNCA	SNCA_M	0	0	0	0.5
SNCA	SNCA_M	0	0	0	0.5
SNCA	SNCA_M	0	0	0	0.5
SNCA	SNCA_M	0	0	0	0.5
SNCA	SNCA_M	0	0	0	0.5
SNCA	SNCA_M	0	0	0	0.5
SNCA	SNCA_M	0	0	0	0.5
SNCA	SNCA_M	0	0	0	0.5
SNCA	SNCA_M	0	0	0	0.5
SNCA	SNCA_M	0	0	0	0.5
SNCA	SNCA_M	0	0	0	0.5
SNCA	SNCA_M	0	0	0	0.5
SNCA	SNCA_M	0	0	0	0.5
SNCA	SNCA_M	0	0	0	0.5
SNCA	SNCA_M	0	0	0	0.5
SNCA	SNCA_M	0	0	0	0.5
SNCA	SNCA_M	0	0	0	0.5
SNCA	SNCA_M	0	0	0	0.5
SNCA	SNCA_M	0	0	0	0.5
SNCA	SNCA_M	0	0	0	0.5
SNCA	SNCA_M	0	0	0	0.5
SNCA	SNCA_M	0	0	0	0.5
SNCA	SNCA_M	0	0	0	0.5
SNCA	SNCA_M	0	0	0	0.5
SNCA	SNCA_M	0	0	0	0.5
SNCA	SNCA_M	0	0	0	0.5
SNCA	SNCA_M	0	0	0	0.5
SNCA	SNCA_M	0	0	0	0.5
SNCA	SNCA_M	0	0	0	0.5
SNCA	SNCA_M	0	0	0	0.5
SNCA	SNCA_M	0	0	0	0.5
SNCA	SNCA_M	0	0	0	0.5
SNCA	SNCA_M	0	0	0	0.5
SNCA	SNCA_M	0	0	0	0.5
SNCA	SNCA_M	0	0	0	0.5
SNCA	SNCA_M	0	0	0	0.5
SNCA	SNCA_M	0	0	0	0.5
SNCA	SNCA_M	0	0	0	0.5
SNCA	SNCA_M	0	0	0	0.5
SNCA	SNCA_M	0	0	0	0.5
SNCA	SNCA_M	0	0	0	0.5
SNCA	SNCA_M	0	0	0	0.5
SNCA	SNCA_M	0	0	0	0.5
SNCA	SNCA_M	0	0	0	0.5
SNCA	SNCA_M	0	0	0	0.5
SNCA	SNCA_M	0	0	0	0.5
SNCA	SNCA_M	0	0	0	0.5
SNCA	SNCA_M	0	0	0	0.5
SNCA	SNCA_M	0	0	0	0.5
SNCA	SNCA_M	0	0	0	0.5
SNCA	SNCA_M	0	0	0	0.5
SNCA	SNCA_M	0	0	0	0.5
SNCA	SNCA_M	0	0	0	0.5
SNCA	SNCA_M	0	0	0	0.5
SNCA	SNCA_M	0	0	0	0.5
SNCA	SNCA_M	0	0	0	0.5
SNCA	SNCA_M	0	0	0	0.5
SNCA	SNCA_M	0	0	0	0.5
SNCA	SNCA_M	0	0	0	0.5
SNCA	SNCA_M	0	0	0	0.5
SNCA	SNCA_M	0	0	0	0.5
SNCA	SNCA_M	0	0	0	0.5
SNCA	SNCA_M	0	0	0	0.5
SNCA	SNCA_M	0	0	0	0.5
SNCA	SNCA_M	0	0	0	0.5
SNCA	SNCA_M	0	0	0	0.5
SNCA	SNCA_M	0	0	0	0.5
SNCA	SNCA_M	0	0	0	0.5
SNCA	SNCA_M	0	0	0	0.5
SNCA	SNCA_M	0	0	0	0.5
SNCA	SNCA_M	0	0	0	0.5
SNCA	SNCA_M	0	0	0	0.5
SNCA	SNCA_M	0	0	0	0.5
SNCA	SNCA_M	0	0	0	0.5
SNCA	SNCA_M	0	0	0	0.5
SNCA	SNCA_M	0	0	0	0.5
SNCA	SNCA_M	0	0	0	0.5
SNCA	SNCA_M	0	0	0	0.5
SNCA	SNCA_M	0	0	0	0.5
SNCA	SNCA_M	0	0	0	0.5
SNCA	SNCA_M	0	0	0	0.5
SNCA	SNCA_M	0	0	0	0.5
SNCA	SNCA_M	0	0	0	0.5
SNCA	SNCA_M	0	0	0	0.5
SNCA	SNCA_M	0	0	0	0.5
SNCA	SNCA_M	0	0	0	0.5
SNCA	SNCA_M	0	0	0	0.5
SNCA	SNCA_M	0	0	0	0.5
SNCA	SNCA_M	0	0	0	0.5
SNCA	SNCA_M	0	0	0	0.5
SNCA	SNCA_M	0	0	0	0.5
SNCA	SNCA_M	0	0	0	0.5
SNCA	SNCA_M	0	0	0	0.5
SNCA	SNCA_M	0	0	0	0.5
SNCA	SNCA_M	0	0	0	0.5
SNCA	SNCA_M	0	0	0	0.5
SNCA	SNCA_M	0	0	0	0.5
SNCA	SNCA_M	0	0	0	0.5
SNCA	SNCA_M	0	0	0	0.5
SNCA	SNCA_M	0	0	0	0.5
SNCA	SNCA_M	0	0	0	0.5
SNCA	SNCA_M	0	0	0	0.5
SNCA	SNCA_M	0	0	0	0.5
SNCA	SNCA_M	0	0	0	0.5
SNCA	SNCA_M	0	0	0	0.5
SNCA	SNCA_M	0	0	0	0.5
SNCA	SNCA_M	0	0	0	0.5
SNCA	SNCA_M	0	0	0	0.5
SNCA	SNCA_M	0	0	0	0.5
SNCA	SNCA_M	0	0	0	0.5
SNCA	SNCA_M	0	0	0	0.5
SNCA	SNCA_M	0	0	0	0.5
SNCA	SNCA_M	0	0	0	0.5
SNCA	SNCA_M	0	0	0	0.5
SNCA	SNCA_M	0	0	0	0.5
SNCA	SNCA_M	0	0	0	0.5
SNCA	SNCA_M	0	0	0	0.5
SNCA	SNCA_M	0	0	0	0.5
SNCA	SNCA_M	0	0	0	0.5
SNCA	SNCA_M	0	0	0	0.5
SNCA	SNCA_M	0	0	0	0.5
SNCA	SNCA_M	0	0	0	0.5
SNCA	SNCA_M	0	0	0	0.5
SNCA	SNCA_M	0	0	0	0.5
SNCA	SNCA_M	0	0	0	0.5
SNCA	SNCA_M	0	0	0	0.5
SNCA	SNCA_M	0	0	0	0.5
SNCA	SNCA_M	0	0	0	0.5
SNCA	SNCA_M	0	0	0	0.5
SNCA	SNCA_M	0	0	0	0.5
SNCA	SNCA_M	0	0	0	0.5
SNCA	SNCA_M	0	0	0	0.5
SNCA	SNCA_M	0	0	0	0.5
SNCA	SNCA_M	0	0	0	0.5
SNCA	SNCA_M	0	0	0	0.5
SNCA	SNCA_M	0	0	0	0.5
SNCA	SNCA_M	0	0	0	0.5
SNCA	SNCA_M	0	0	0	0.5
SNCA	SNCA_M	0	0	0	0.5
SNCA	SNCA_M	0	0	0	0.5
SNCA	SNCA_M	0	0	0	0.5
SNCA	SNCA_M	0	0	0	0.5
SNCA	SNCA_M	0	0	0	0.5
SNCA	SNCA_M	0	0	0	0.5
SNCA	SNCA_M	0	0	0	0.5
SNCA	SNCA_M	0	0	0	0.5
SNCA	SNCA_M	0	0	0	0.5
SNCA	SNCA_M	0	0	0	0.5
SNCA	SNCA_M	0	0	0	0.5
SNCA	SNCA_M	0	0	0	0.5
SNCA	SNCA_M	0	0	0	0.5
SNCA	SNCA_M	0	0	0	0.5
SNCA	SNCA_M	0	0	0	0.5
SNCA	SNCA_M	0	0	0	0.5
SNCA	SNCA_M	0	0	0	0.5
SNCA	SNCA_M	0	0	0	0.5
SNCA	SNCA_M	0	0	0	0.5
SNCA	SNCA_M	0	0	0	0.5
SNCA	SNCA_M	0	0	0	0.5
SNCA	SNCA_M	0	0	0	0.5
SNCA	SNCA_M	0	0	0	0.5
SNCA	SNCA_M	0	0	0	0.5
SNCA	SNCA_M	0	0	0	0.5
SNCA	SNCA_M	0	0	0	0.5
SNCA	SNCA_M	0	0	0	0.5
SNCA	SNCA_M	0	0	0	0.5
SNCA	SNCA_M	0	0	0	0.5
SNCA	SNCA_M	0	0	0	0.5
SNCA	SNCA_M	0	0	0	0.5
SNCA	SNCA_M	0	0	0	0.5
SNCA	SNCA_M	0	0	0	0.5
SNCA	SNCA_M	0	0	0	0.5
SNCA	SNCA_M	0	0	0	0.5
SNCA	SNCA_M	0	0	0	0.5
SNCA	SNCA_M	0	0	0	0.5
SNCA	SNCA_M	0	0	0	0.5
SNCA	SNCA_M	0	0	0	0.5
SNCA	SNCA_M	0	0	0	0.5
SNCA	SNCA_M	0	0	0	0.5
SNCA	SNCA_M	0	0	0	0.5
SNCA	SNCA_M	0	0	0	0.5
SNCA	SNCA_M	0	0	0	0.5
SNCA	SNCA_M	0	0	0	0.5
SNCA	SNCA_M	0	0	0	0.5
SNCA	SNCA_M	0	0	0	0.5
SNCA	SNCA_M	0	0	0	0.5
SNCA	SNCA_M	0	0	0	0.5
SNCA	SNCA_M	0	0	0	0.5
SNCA	SNCA_M	0	0	0	0.5
SNCA	SNCA_M	0	0	0	0.5
SNCA	SNCA_M	0	0	0	0.5
SNCA	SNCA_M	0	0	0	0.5
SNCA	SNCA_M	0	0	0	0.5
SNCA	SNCA_M	0	0	0	0.5
SNCA	SNCA_M	0	0	0	0.5
SNCA	SNCA_M	0	0	0	0.5
SNCA	SNCA_M	0	0	0	0.5
SNCA	SNCA_M	0	0	0	0.5
SNCA	SNCA_M	0	0	0	0.5
SNCA	SNCA_M	0	0	0	0.5
SNCA	SNCA_M	0	0	0	0.5
SNCA	SNCA_M	0	0	0	0.5
SNCA	SNCA_M	0	0	0	0.5
SNCA	SNCA_M	0	0	0	0.5
SNCA	SNCA_M	0	0	0	0.5
SNCA	SNCA_M	0	0	0	0.5
SNCA	SNCA_M	0	0	0	0.5
SNCA	SNCA_M	0	0	0	0.5
SNCA	SNCA_M	0	0	0	0.5
SNCA	SNCA_M	0	0	0	0.5
SNCA	SNCA_M	0	0	0	0.5
SNCA	SNCA_M	0	0	0	0.5
SNCA	SNCA_M	0	0	0	0.5
SNCA	SNCA_M	0	0	0	0.5
SNCA	SNCA_M	0	0	0	0.5
SNCA	SNCA_M	0	0	0	0.5
SNCA	SNCA_M	0	0	0	0.5
SNCA	SNCA_M	0	0	0	0.5
SNCA	SNCA_M	0	0	0	0.5
SNCA	SNCA_M	0	0	0	0.5
SNCA	SNCA_M	0	0	0	0.5
SNCA	SNCA_M	0	0	0	0.5
SNCA	SNCA_M	0	0	0	0.5
SNCA	SNCA_M	0	0	0	0.5
SNCA	SNCA_M	0	0	0	0.5
SNCA	SNCA_M	0	0	0	0.5
SNCA	SNCA_M	0	0	0	0.5
SNCA	SNCA_M	0	0	0	0.5
SNCA	SNCA_M	0	0	0	0.5
SNCA	SNCA_M	0	0	0	0.5
SNCA	SNCA_M	0	0	0	0.5
SNCA	SNCA_M	0	0	0	0.5
SNCA	SNCA_M	0	0	0	0.5
SNCA	SNCA_M	0	0	0	0.5
SNCA	SNCA_M	0	0	0	0.5
SNCA	SNCA_M	0	0	0	0.5
SNCA	SNCA_M	0	0	0	0.5
SNCA	SNCA_M	0	0	0	0.5
SNCA	SNCA_M	0	0	0	0.5
SNCA	SNCA_M	0	0	0	0.5
SNCA	SNCA_M	0	0	0	0.5
SNCA	SNCA_M	0	0	0	0.5
SNCA	SNCA_M	0	0	0	0.5
SNCA	SNCA_M	0	0	0	0.5
SNCA	SNCA_M	0	0	0	0.5
SNCA	SNCA_M	0	0	0	0.5
SNCA	SNCA_M	0	0	0	0.5
SNCA	SNCA_M	0	0	0	0.5
SNCA	SNCA_M	0	0	0	0.5
SNCA	SNCA_M	0	0	0	0.5
SNCA	SNCA_M	0	0	0	0.5
SNCA	SNCA_M	0	0	0	0.5
SNCA	SNCA_M	0	0	0	0.5
SNCA	SNCA_M	0	0	0	0.5
SNCA	SNCA_M	0	0	0	0.5
SNCA	SNCA_M	0	0	0	0.5
SNCA	SNCA_M	0	0	0	0.5
SNCA	SNCA_M	0	0	0	0.5
SNCA	SNCA_M	0	0	0	0.5
SNCA	SNCA_M	0	0	0	0.5
SNCA	SNCA_M	0	0	0	0.5
SNCA	SNCA_M	0	0	0	0.5
SNCA	SNCA_M	0	0	0	0.5
SNCA	SNCA_M	0	0	0	0.5
SNCA	SNCA_M	0	0	0	0.5
SNCA	SNCA_M	0	0	0	0.5
SNCA	SNCA_M	0	0	0	0.5
SNCA	SNCA_M	0	0	0	0.5
SNCA	SNCA_M	0	0	0	0.5
SNCA	SNCA_M	0	0	0	0.5
SNCA	SNCA_M	0	0	0	0.5
SNCA	SNCA_M	0	0	0	0.5
SNCA	SNCA_M	0	0	0	0.5
SNCA	SNCA_M	0	0	0	0.5
SNCA	SNCA_M	0	0	0	0.5
SNCA	SNCA_M	0	0	0	0.5
SNCA	SNCA_M	0	0	0	0.5
SNCA	SNCA_M	0	0	0	0.5
SNCA	SNCA_M	0	0	0	0.5
SNCA	SNCA_M	0	0	0	0.5
SNCA	SNCA_M	0	0	0	0.5
SNCA	SNCA_M	0	0	0	0.5
SNCA	SNCA_M	0	0	0	0.5
SNCA	SNCA_M	0	0	0	0.5
SNCA	SNCA_M	0	0	0	0.5
SNCA	SNCA_M	0	0	0	0.5
SNCA	SNCA_M	0	0	0	0.5
SNCA	SNCA_M	0	0	0	0.5
SNCA	SNCA_M	0	0	0	0.5
SNCA	SNCA_M	0	0	0	0.5
SNCA	SNCA_M	0	0	0	0.5
SNCA	SNCA_M	0	0	0	0.5
SNCA	SNCA_M	0	0	0	0.5
SNCA	SNCA_M	0	0	0	0.5
SNCA	SNCA_M	0	0	0	0.5
SNCA	SNCA_M	0	0	0	0.5
SNCA	SNCA_M	0	0	0	0.5
SNCA	SNCA_M	0	0	0	0.5
SNCA	SNCA_M	0	0	0	0.5
SNCA	SNCA_M	0	0	0	0.5
SNCA	SNCA_M	0	0	0	0.5
SNCA	SNCA_M	0	0	0	0.5
SNCA	SNCA_M	0	0	0	0.5
SNCA	SNCA_M	0	0	0	0.5
SNCA	SNCA_M	0	0	0	0.5
SNCA	SNCA_M	0	0	0	0.5
SNCA	SNCA_M	0	0	0	0.5
SNCA	SNCA_M	0	0	0	0.5
SNCA	SNCA_M	0	0	0	0.5
SNCA	SNCA_M	0	0	0	0.5
SNCA	SNCA_M	0	0	0	0.5
SNCA	SNCA_M	0	0	0	0.5
SNCA	SNCA_M	0	0	0	0.5
SNCA	SNCA_M	0	0	0	0.5
SNCA	SNCA_M	0	0	0	0.5
SNCA	SNCA_M	0	0	0	0.5
SNCA	SNCA_M	0	0	0	0.5
SNCA	SNCA_M	0	0	0	0.5
SNCA	SNCA_M	0	0	0	0.5
SNCA	SNCA_M	0	0	0	0.5
SNCA	SNCA_M	0	0	0	0.5
SNCA	SNCA_M	0	0	0	0.5
SNCA	SNCA_M	0	0	0	0.5
SNCA	SNCA_M	0	0	0	0.5
SNCA	SNCA_M	0	0	0	0.5
SNCA	SNCA_M	0	0	0	0.5
SNCA	SNCA_M	0	0	0	0.5
SNCA	SNCA_M	0	0	0	0.5
SNCA	SNCA_M	0	0	0	0.5
SNCA	SNCA_M	0	0	0	0.5
SNCA	SNCA_M	0	0	0	0.5
SNCA	SNCA_M	0	0	0	0.5
SNCA	SNCA_M	0	0	0	0.5
SNCA	SNCA_M	0	0	0	0.5
SNCA	SNCA_M	0	0	0	0.5
SNCA	SNCA_M	0	0	0	0.5
SNCA	SNCA_M	0	0	0	0.5
SNCA	SNCA_M	0	0	0	0.5
SNCA	SNCA_M	0	0	0	0.5
SNCA	SNCA_M	0	0	0	0.5
SNCA	SNCA_M	0	0	0	0.5
SNCA	SNCA_M	0	0	0	0.5
SNCA	SNCA_M	0	0	0	0.5
SNCA	SNCA_M	0	0	0	0.5
SNCA	SNCA_M	0	0	0	0.5
